model,r2,r2_adj,rmse,seconds
dtr,0.7865498468610916,0.7627587803351144,8519.80144201745,7.778882
