model,r2,r2_adj,rmse,seconds
elasticnet,0.9480915104731891,0.9423058115198991,4201.461941629683,77.137834
