model,r2,r2_adj,rmse,seconds
huber,0.950388084551704,0.9448583608033052,4107.468443160281,1056.937912
