model,r2,r2_adj,rmse,seconds
knn,0.9040553104313103,0.8933613546820377,5712.046169320151,257.094118
