model,r2,r2_adj,rmse,seconds
lasso,0.949303065743206,0.9436524062434137,4152.140940720336,53.182399
