model,r2,r2_adj,rmse,seconds
lr,0.9148231792489143,0.9053294057417969,5368.07574246272,3.8272
