model,r2,r2_adj,rmse,seconds
lr,0.928132292015849,0.920121946759232,4906.25758766309,15.906764
