model,r2,r2_adj,rmse,seconds
quantile,0.9520176378942737,0.9466695434931047,4039.4482624307934,110.754906
