model,r2,r2_adj,rmse,seconds
ridge,0.9401118623328305,0.9334367550705308,4512.857727317654,1.7337120000000001
