model,r2,r2_adj,rmse,seconds
svr,0.9416886372703882,0.9351892766959418,4453.05268674565,3.289067
