model,r2,r2_adj,rmse,seconds
svr,0.9394473397350271,0.9326981650565187,4537.8261343191125,2.315914
